[{"place_id": 173961615, "licence": "Data \u00a9 OpenStreetMap contributors, ODbL 1.0. https://osm.org/copyright", "osm_type": "way", "osm_id": 284437307, "boundingbox": ["40.7663091", "40.7664909", "-73.7739745", "-73.7737815"], "lat": "40.76639995", "lon": "-73.7738780089654", "display_name": "212-15 38th Avenue, Bayside, New York, 11361, 212-15, 38th Avenue, Bayside, Queens, New York, 11361, United States", "class": "building", "type": "house", "importance": 0.4001, "geojson": {"type": "Polygon", "coordinates": [[[-73.7739745, 40.7664556], [-73.7738972, 40.7663091], [-73.7738507, 40.7663232], [-73.7737815, 40.7663443], [-73.7738589, 40.7664909], [-73.7739745, 40.7664556]]]}}, {"place_id": 59134831, "licence": "Data \u00a9 OpenStreetMap contributors, ODbL 1.0. https://osm.org/copyright", "osm_type": "node", "osm_id": 5402542904, "boundingbox": ["40.7587479", "40.7588479", "-73.9623927", "-73.9622927"], "lat": "40.7587979", "lon": "-73.9623427", "display_name": "New York, 1884, 1st Avenue, Manhattan Community Board 6, Manhattan, New York County, New York, 10155, United States", "class": "shop", "type": "convenience", "importance": 0.40001, "icon": "https://nominatim.openstreetmap.org/ui/mapicons/shopping_convenience.p.20.png", "geojson": {"type": "Point", "coordinates": [-73.9623427, 40.7587979]}}]