{"version": 0.6, "generator": "Overpass API 0.7.59 e21c39fe", "osm3s": {"timestamp_osm_base": "2023-03-07T22:08:20Z", "copyright": "The data included in this document is from www.openstreetmap.org. The data is made available under ODbL."}, "elements": [{"type": "node", "id": 42937340, "lat": 40.7628449, "lon": -73.7745798}, {"type": "node", "id": 42937343, "lat": 40.7631399, "lon": -73.7715539}, {"type": "node", "id": 623813227, "lat": 40.7624504, "lon": -73.7784911}, {"type": "node", "id": 3351215906, "lat": 40.7624163, "lon": -73.7784759}, {"type": "node", "id": 3351215907, "lat": 40.7628007, "lon": -73.7745711}, {"type": "node", "id": 3351215908, "lat": 40.7630995, "lon": -73.7715471}, {"type": "node", "id": 3351215910, "lat": 40.7634838, "lon": -73.7680495, "tags": {"railway": "switch"}}, {"type": "node", "id": 3351215912, "lat": 40.7635784, "lon": -73.7666681, "tags": {"railway": "switch"}}, {"type": "node", "id": 7089950943, "lat": 40.7632964, "lon": -73.7695509, "tags": {"name": "Bayside", "network": "LIRR", "public_transport": "stop_position", "railway": "stop", "train": "yes"}}, {"type": "node", "id": 7089950944, "lat": 40.7629556, "lon": -73.7734553, "tags": {"name": "Bayside", "network": "LIRR", "public_transport": "stop_position", "railway": "stop", "train": "yes"}}, {"type": "way", "id": 550178969, "nodes": [3351215906, 3351215907, 3351215908, 7089950943, 3351215912], "tags": {"electrified": "rail", "frequency": "0", "gauge": "1435", "maxspeed": "60 mph", "name": "Port Washington Branch", "operator": "Long Island Rail Road", "operator:wikidata": "Q125943", "owner": "Long Island Rail Road", "railway": "rail", "reporting_marks": "LI", "tiger:cfcc": "B11", "tiger:county": "Queens, NY", "tiger:name_base": "Abandoned Railroad LIRR", "usage": "branch", "voltage": "750"}}, {"type": "way", "id": 759072970, "nodes": [623813227, 42937340, 7089950944, 42937343, 3351215910], "tags": {"electrified": "rail", "frequency": "0", "gauge": "1435", "maxspeed": "60 mph", "name": "Port Washington Branch", "operator": "Long Island Rail Road", "operator:wikidata": "Q125943", "owner": "Long Island Rail Road", "railway": "rail", "reporting_marks": "LI", "tiger:cfcc": "B11", "tiger:county": "Queens, NY", "tiger:name_base": "Port Washighton Branch", "usage": "branch", "voltage": "750"}}]}